﻿<?xml version="1.0" encoding="utf-8"?>
<AppVariables version="2.0">
  <Datasets>
    <Dataset id="IAM_FMR">
      <ColumnInfo>
        <Column id="FMR_ID" type="STRING" size="256"/>
        <Column id="EXC_ID" type="STRING" size="256"/>
        <Column id="FILE_ID" type="STRING" size="256"/>
        <Column id="ADT_STA_DT" type="STRING" size="256"/>
        <Column id="ADT_END_DT" type="STRING" size="256"/>
        <Column id="SUB_ST" type="STRING" size="256"/>
        <Column id="FMR_RES" type="STRING" size="256"/>
        <Column id="REV_RES" type="STRING" size="256"/>
        <Column id="ADT_ITEM_ID" type="STRING" size="256"/>
        <Column id="ADT_ITEM_NM" type="STRING" size="256"/>
        <Column id="ACT_ISSU_ID" type="STRING" size="256"/>
        <Column id="PO" type="STRING" size="256"/>
        <Column id="PO_ACT" type="STRING" size="256"/>
        <Column id="ACT_DT" type="STRING" size="256"/>
        <Column id="IPT_DEPT_REV_CMT" type="STRING" size="256"/>
      </ColumnInfo>
    </Dataset>
    <Dataset id="EDT_VALUE">
      <ColumnInfo>
        <Column id="EDIT_ID" type="STRING" size="256"/>
        <Column id="VALUE" type="STRING" size="256"/>
      </ColumnInfo>
    </Dataset>
    <Dataset id="DEPT_CORRECTION_CNT">
      <ColumnInfo>
        <Column id="month" type="STRING" size="256"/>
        <Column id="IT기획부" type="STRING" size="256"/>
        <Column id="IT시스템운영팀" type="STRING" size="256"/>
        <Column id="IT정보부" type="STRING" size="256"/>
        <Column id="IT디지털개발부" type="STRING" size="256"/>
        <Column id="IT금융개발부" type="STRING" size="256"/>
        <Column id="IT글로벌개발팀" type="STRING" size="256"/>
      </ColumnInfo>
      <Rows>
        <Row>
          <Col id="month">5월</Col>
          <Col id="IT기획부">1</Col>
          <Col id="IT시스템운영팀">2</Col>
          <Col id="IT정보부">9</Col>
          <Col id="IT디지털개발부">2</Col>
          <Col id="IT금융개발부">1</Col>
          <Col id="IT글로벌개발팀">5</Col>
        </Row>
        <Row>
          <Col id="month">6월</Col>
          <Col id="IT기획부">1</Col>
          <Col id="IT시스템운영팀">3</Col>
          <Col id="IT정보부">6</Col>
          <Col id="IT디지털개발부">10</Col>
          <Col id="IT금융개발부">3</Col>
          <Col id="IT글로벌개발팀">7</Col>
        </Row>
        <Row>
          <Col id="month">7월</Col>
          <Col id="IT기획부">7</Col>
          <Col id="IT시스템운영팀">6</Col>
          <Col id="IT정보부">6</Col>
          <Col id="IT디지털개발부">5</Col>
          <Col id="IT금융개발부">3</Col>
          <Col id="IT글로벌개발팀">9</Col>
        </Row>
        <Row>
          <Col id="month">8월</Col>
          <Col id="IT기획부">10</Col>
          <Col id="IT시스템운영팀">2</Col>
          <Col id="IT정보부">3</Col>
          <Col id="IT디지털개발부">4</Col>
          <Col id="IT금융개발부">7</Col>
          <Col id="IT글로벌개발팀">3</Col>
        </Row>
        <Row>
          <Col id="month">9월</Col>
          <Col id="IT기획부">5</Col>
          <Col id="IT시스템운영팀">1</Col>
          <Col id="IT정보부">8</Col>
          <Col id="IT디지털개발부">5</Col>
          <Col id="IT금융개발부">8</Col>
          <Col id="IT글로벌개발팀">10</Col>
        </Row>
        <Row>
          <Col id="month">10월</Col>
          <Col id="IT기획부">5</Col>
          <Col id="IT시스템운영팀">4</Col>
          <Col id="IT정보부">2</Col>
          <Col id="IT디지털개발부">5</Col>
          <Col id="IT금융개발부">5</Col>
          <Col id="IT글로벌개발팀">3</Col>
        </Row>
      </Rows>
    </Dataset>
    <Dataset id="MENU">
      <ColumnInfo>
        <Column id="MENU_ID" type="STRING" size="256"/>
        <Column id="MENU_NAME" type="STRING" size="256"/>
        <Column id="MENU_LEVEL" type="STRING" size="256"/>
        <Column id="FORM_URL" type="STRING" size="256"/>
        <Column id="MENU_ICON" type="STRING" size="256"/>
        <Column id="MENU_ENABLE" type="STRING" size="256"/>
        <Column id="MENU_KEY" type="STRING" size="256"/>
        <Column id="MENU_FLAG" type="STRING" size="256"/>
        <Column id="TREE_FLAG" type="STRING" size="256"/>
      </ColumnInfo>
      <Rows>
        <Row>
          <Col id="MENU_ID">10</Col>
          <Col id="MENU_NAME">중점점검현황판</Col>
          <Col id="MENU_LEVEL">0</Col>
          <Col id="MENU_ENABLE">1</Col>
          <Col id="MENU_FLAG">1</Col>
          <Col id="TREE_FLAG">0</Col>
          <Col id="FORM_URL"></Col>
        </Row>
        <Row>
          <Col id="MENU_ID">11</Col>
          <Col id="MENU_NAME">중점점검현황판</Col>
          <Col id="MENU_LEVEL">1</Col>
          <Col id="FORM_URL">Base::Dashboard.xfdl</Col>
          <Col id="MENU_FLAG">1</Col>
          <Col id="TREE_FLAG">0</Col>
          <Col id="MENU_ENABLE">1</Col>
        </Row>
        <Row>
          <Col id="MENU_ID">20</Col>
          <Col id="MENU_NAME">전산원장통제</Col>
          <Col id="MENU_LEVEL">0</Col>
          <Col id="MENU_ENABLE">1</Col>
          <Col id="TREE_FLAG">0</Col>
          <Col id="MENU_FLAG">1</Col>
          <Col id="FORM_URL">Base::TotalInquiry.xfdl</Col>
        </Row>
        <Row>
          <Col id="MENU_ID">30</Col>
          <Col id="MENU_NAME">중점감사항목관리</Col>
          <Col id="MENU_LEVEL">0</Col>
          <Col id="MENU_ENABLE">1</Col>
          <Col id="TREE_FLAG">0</Col>
          <Col id="MENU_FLAG">1</Col>
          <Col id="FORM_URL">FrameBase::Form_remoteAccessFileControl.xfdl</Col>
        </Row>
        <Row>
          <Col id="MENU_ID">40</Col>
          <Col id="MENU_NAME">IT사후관리</Col>
          <Col id="MENU_LEVEL">0</Col>
          <Col id="MENU_ENABLE">1</Col>
          <Col id="TREE_FLAG">0</Col>
          <Col id="MENU_FLAG">1</Col>
          <Col id="FORM_URL">Base::WorkMenualBoardList.xfdl</Col>
        </Row>
        <Row>
          <Col id="MENU_ID">50</Col>
          <Col id="MENU_NAME">IT감사관리</Col>
          <Col id="MENU_LEVEL">0</Col>
          <Col id="MENU_ENABLE">1</Col>
          <Col id="TREE_FLAG">0</Col>
          <Col id="MENU_FLAG">1</Col>
          <Col id="FORM_URL">FrameBase::Form_auditOrder.xfdl</Col>
        </Row>
        <Row>
          <Col id="MENU_ID">60</Col>
          <Col id="MENU_NAME">공통관리</Col>
          <Col id="MENU_LEVEL">0</Col>
          <Col id="MENU_ENABLE">1</Col>
          <Col id="TREE_FLAG">0</Col>
          <Col id="MENU_FLAG">1</Col>
          <Col id="FORM_URL">sample::schedulerv3.xfdl</Col>
        </Row>
        <Row>
          <Col id="MENU_ID">90</Col>
          <Col id="MENU_NAME">SAMPLE</Col>
          <Col id="MENU_LEVEL">0</Col>
          <Col id="FORM_URL">sample::sampleTransaction.xfdl</Col>
          <Col id="MENU_ENABLE">1</Col>
          <Col id="MENU_FLAG">1</Col>
          <Col id="TREE_FLAG">0</Col>
        </Row>
        <Row>
          <Col id="MENU_ID">100</Col>
          <Col id="MENU_NAME">SAMPLE2</Col>
          <Col id="MENU_LEVEL">0</Col>
          <Col id="FORM_URL">sample::sample_menu_01.xfdl</Col>
          <Col id="MENU_ENABLE">1</Col>
          <Col id="MENU_FLAG">1</Col>
          <Col id="TREE_FLAG">0</Col>
        </Row>
      </Rows>
    </Dataset>
    <Dataset id="BALANCE_DISCREPANCY_CNT">
      <ColumnInfo>
        <Column id="부서" type="STRING" size="256"/>
        <Column id="전월" type="STRING" size="256"/>
        <Column id="당월" type="STRING" size="256"/>
      </ColumnInfo>
      <Rows>
        <Row>
          <Col id="부서">IT기획부</Col>
          <Col id="전월">2</Col>
          <Col id="당월">3</Col>
        </Row>
        <Row>
          <Col id="당월">10</Col>
          <Col id="전월">10</Col>
          <Col id="부서">IT시스템운영팀</Col>
        </Row>
        <Row>
          <Col id="부서">IT정보부</Col>
          <Col id="당월">3</Col>
          <Col id="전월">7</Col>
        </Row>
        <Row>
          <Col id="부서">IT디지털개발부</Col>
          <Col id="당월">3</Col>
          <Col id="전월">1</Col>
        </Row>
        <Row>
          <Col id="부서">IT금융개발부</Col>
          <Col id="당월">3</Col>
          <Col id="전월">1</Col>
        </Row>
        <Row>
          <Col id="부서">IT글로벌개발팀</Col>
          <Col id="당월">3</Col>
          <Col id="전월">2</Col>
        </Row>
      </Rows>
    </Dataset>
    <Dataset id="gdsGridPersonal">
      <ColumnInfo>
        <Column id="sFormatId" type="STRING" size="256"/>
        <Column id="sFormat" type="STRING" size="2147483647"/>
        <Column id="sOrgFormat" type="STRING" size="2147483647"/>
      </ColumnInfo>
    </Dataset>
    <Dataset id="gdsMessage">
      <ColumnInfo>
        <Column id="MSGID" type="STRING" size="256"/>
        <Column id="MSGTEXT" type="STRING" size="256"/>
        <Column id="MSGTYPE" type="STRING" size="2"/>
      </ColumnInfo>
      <Rows>
        <Row>
          <Col id="MSGID">msg.server.error</Col>
          <Col id="MSGTEXT">서버 오류입니다.\n관리자에게 문의하세요.</Col>
          <Col id="MSGTYPE">A</Col>
        </Row>
        <Row>
          <Col id="MSGID">msg.server.error.msg</Col>
          <Col id="MSGTEXT">서버에서 다음과 같은 에러메시지를 받았습니다.\n{0}</Col>
          <Col id="MSGTYPE">A</Col>
        </Row>
        <Row>
          <Col id="MSGID">msg.session.timeout</Col>
          <Col id="MSGTEXT">세션이 종료되었습니다. 다시 로그인해주세요.</Col>
          <Col id="MSGTYPE">A</Col>
        </Row>
        <Row>
          <Col id="MSGID">msg.login.url.error</Col>
          <Col id="MSGTEXT">정상적인 경로로 접속하시기 바랍니다.</Col>
          <Col id="MSGTYPE">A</Col>
        </Row>
        <Row>
          <Col id="MSGID">msg.login.error</Col>
          <Col id="MSGTEXT">해당하는 사용자 정보가 없습니다</Col>
          <Col id="MSGTYPE">A</Col>
        </Row>
        <Row>
          <Col id="MSGID">msg.call.nofile</Col>
          <Col id="MSGTEXT">해당하는 메뉴에 Program File이 등록되지 않았습니다.</Col>
          <Col id="MSGTYPE">A</Col>
        </Row>
        <Row>
          <Col id="MSGID">msg.nomenu</Col>
          <Col id="MSGTEXT">해당 Menu가 존재하지 않습니다.</Col>
          <Col id="MSGTYPE">A</Col>
        </Row>
        <Row>
          <Col id="MSGID">confirm.logout</Col>
          <Col id="MSGTEXT">업무를 종료하시겠습니까?</Col>
          <Col id="MSGTYPE">C</Col>
        </Row>
        <Row>
          <Col id="MSGID">confirm.before.movepage</Col>
          <Col id="MSGTEXT">변경된 데이터가 있습니다. 현재 화면을 닫겠습니까?</Col>
          <Col id="MSGTYPE">C</Col>
        </Row>
        <Row>
          <Col id="MSGID">confirm.before.search</Col>
          <Col id="MSGTEXT">검색을 진행하면 변경된 데이터가 사라집니다. \n계속 진행 하시겠습니까?</Col>
          <Col id="MSGTYPE">C</Col>
        </Row>
        <Row>
          <Col id="MSGID">confirm.before.moveropos</Col>
          <Col id="MSGTEXT">해당 row의 위치를 이동하면 변경된 데이터가 사라집니다. \n계속 진행 하시겠습니까?</Col>
          <Col id="MSGTYPE">C</Col>
        </Row>
        <Row>
          <Col id="MSGID">confirm.before.delete</Col>
          <Col id="MSGTEXT">선택된 자료를 삭제 하시겠습니까?</Col>
          <Col id="MSGTYPE">C</Col>
        </Row>
        <Row>
          <Col id="MSGID">confirm.before.deletesave</Col>
          <Col id="MSGTEXT">선택된 자료를 삭제 후 저장하시겠습니까?</Col>
          <Col id="MSGTYPE">C</Col>
        </Row>
        <Row>
          <Col id="MSGID">msg.noselect</Col>
          <Col id="MSGTEXT">{0} 을(를) 선택해 주십시요.</Col>
          <Col id="MSGTYPE">A</Col>
        </Row>
        <Row>
          <Col id="MSGID">msg.search.nodata</Col>
          <Col id="MSGTEXT">지정된 조건에 해당하는 항목을 찾을 수 없습니다.</Col>
          <Col id="MSGTYPE">A</Col>
        </Row>
        <Row>
          <Col id="MSGID">msg.save.nochange</Col>
          <Col id="MSGTEXT">변경된 내역이 없습니다.</Col>
          <Col id="MSGTYPE">A</Col>
        </Row>
        <Row>
          <Col id="MSGID">confirm.before.save</Col>
          <Col id="MSGTEXT">변경된 내역을 저장 하시겠습니까?</Col>
          <Col id="MSGTYPE">C</Col>
        </Row>
        <Row>
          <Col id="MSGID">msg.save.success</Col>
          <Col id="MSGTEXT">저장 되었습니다.</Col>
          <Col id="MSGTYPE">A</Col>
        </Row>
        <Row>
          <Col id="MSGID">msg.update.success</Col>
          <Col id="MSGTEXT">수정 되었습니다.</Col>
          <Col id="MSGTYPE">A</Col>
        </Row>
        <Row>
          <Col id="MSGID">msg.delete.success</Col>
          <Col id="MSGTEXT">삭제 되었습니다.</Col>
          <Col id="MSGTYPE">A</Col>
        </Row>
        <Row>
          <Col id="MSGID">msg.action.success</Col>
          <Col id="MSGTEXT">처리 되었습니다.</Col>
          <Col id="MSGTYPE">A</Col>
        </Row>
        <Row>
          <Col id="MSGID">msg.action.fail</Col>
          <Col id="MSGTEXT">프로세스가 실패하였습니다.</Col>
          <Col id="MSGTYPE">A</Col>
        </Row>
        <Row>
          <Col id="MSGID">msg.err.updateafter</Col>
          <Col id="MSGTEXT">변경된 내역을 저장 후 작업하세요.</Col>
          <Col id="MSGTYPE">A</Col>
        </Row>
        <Row>
          <Col id="MSGID">msg.err.delete.child</Col>
          <Col id="MSGTEXT">하위 자료가 있어 삭제할 수 없습니다.</Col>
          <Col id="MSGTYPE">A</Col>
        </Row>
        <Row>
          <Col id="MSGID">msg.err.grid.noselect</Col>
          <Col id="MSGTEXT">선택된 항목이 없습니다.</Col>
          <Col id="MSGTYPE">A</Col>
        </Row>
        <Row>
          <Col id="MSGID">msg.before.delete</Col>
          <Col id="MSGTEXT">정말로 삭제 하시겠습니까?</Col>
          <Col id="MSGTYPE">C</Col>
        </Row>
        <Row>
          <Col id="MSGID">msg.err.validator</Col>
          <Col id="MSGTEXT">{0}</Col>
          <Col id="MSGTYPE">A</Col>
        </Row>
        <Row>
          <Col id="MSGID">msg.err.validator.required</Col>
          <Col id="MSGTEXT">{0} 은(는) 필수 입력 항목입니다.</Col>
          <Col id="MSGTYPE">A</Col>
        </Row>
        <Row>
          <Col id="MSGID">msg.err.validator.length</Col>
          <Col id="MSGTEXT">{0} 의 입력값은 {1} 자리이어야 합니다.</Col>
          <Col id="MSGTYPE">A</Col>
        </Row>
        <Row>
          <Col id="MSGID">msg.err.validator.rangelength</Col>
          <Col id="MSGTEXT">{0} 은(는) {1} 와(과) {2} 사이의 자리이어야 합니다.</Col>
          <Col id="MSGTYPE">A</Col>
        </Row>
        <Row>
          <Col id="MSGID">msg.err.validator.maxlength</Col>
          <Col id="MSGTEXT">{0} 의 입력값의 길이는 {1} 이하이어야 합니다.</Col>
          <Col id="MSGTYPE">A</Col>
        </Row>
        <Row>
          <Col id="MSGID">msg.err.validator.minlength</Col>
          <Col id="MSGTEXT">{0} 의 입력값의 길이는 {1} 이상이어야 합니다.</Col>
          <Col id="MSGTYPE">A</Col>
        </Row>
        <Row>
          <Col id="MSGID">msg.err.validator.maxlengthB</Col>
          <Col id="MSGTEXT">{0} 의 입력값의 길이는 {1} 이하이어야 합니다.</Col>
          <Col id="MSGTYPE">A</Col>
        </Row>
        <Row>
          <Col id="MSGID">msg.err.validator.minlengthB</Col>
          <Col id="MSGTEXT">{0} 의 입력값의 길이는 {1} 이상이어야 합니다.</Col>
          <Col id="MSGTYPE">A</Col>
        </Row>
        <Row>
          <Col id="MSGID">msg.err.validator.digits</Col>
          <Col id="MSGTEXT">{0} 은(는) 숫자만 입력 가능합니다.</Col>
          <Col id="MSGTYPE">A</Col>
        </Row>
        <Row>
          <Col id="MSGID">msg.err.validator.min</Col>
          <Col id="MSGTEXT">{0} 은(는) {1} 이상의 숫자만 입력 가능합니다.</Col>
          <Col id="MSGTYPE">A</Col>
        </Row>
        <Row>
          <Col id="MSGID">msg.err.validator.max</Col>
          <Col id="MSGTEXT">{0} 은(는) {1} 이하의 숫자만 입력 가능합니다.</Col>
          <Col id="MSGTYPE">A</Col>
        </Row>
        <Row>
          <Col id="MSGID">msg.err.validator.date</Col>
          <Col id="MSGTEXT">{0} 은(는) 유효하지 않은 날짜 형식입니다.</Col>
          <Col id="MSGTYPE">A</Col>
        </Row>
        <Row>
          <Col id="MSGID">msg.err.validator.dateym</Col>
          <Col id="MSGTEXT">{0} 은(는) 유효하지 않은 년월 형식입니다.</Col>
          <Col id="MSGTYPE">A</Col>
        </Row>
        <Row>
          <Col id="MSGID">msg.err.validator.fromto</Col>
          <Col id="MSGTEXT">{0} 의 날짜가 {1} 의 날짜보다 작습니다.</Col>
          <Col id="MSGTYPE">A</Col>
        </Row>
        <Row>
          <Col id="MSGID">msg.err.validator.comparebig</Col>
          <Col id="MSGTEXT">{0} 이(가) {1} 보다 작습니다.</Col>
          <Col id="MSGTYPE">A</Col>
        </Row>
        <Row>
          <Col id="MSGID">msg.err.validator.comparesmall</Col>
          <Col id="MSGTEXT">{0} 이(가) {1} 보다 큽니다.</Col>
          <Col id="MSGTYPE">A</Col>
        </Row>
        <Row>
          <Col id="MSGID">msg.err.validator.equalto</Col>
          <Col id="MSGTEXT">{0} 이(가) {1} 와(과) 일치하지 않습니다.</Col>
          <Col id="MSGTYPE">A</Col>
        </Row>
        <Row>
          <Col id="MSGID">msg.err.validator.range</Col>
          <Col id="MSGTEXT">{0} 은(는) {1} 와(과) {2} 사이의 값입니다.</Col>
          <Col id="MSGTYPE">A</Col>
        </Row>
        <Row>
          <Col id="MSGID">msg.err.validator.declimit</Col>
          <Col id="MSGTEXT">{0} 은(는) 소숫점 {1} 자리로 구성되어야 합니다.</Col>
          <Col id="MSGTYPE">A</Col>
        </Row>
        <Row>
          <Col id="MSGID">msg.err.validator.code</Col>
          <Col id="MSGTEXT">{0} 은(는) {1} 중 하나의 값이어야 합니다.</Col>
          <Col id="MSGTYPE">A</Col>
        </Row>
        <Row>
          <Col id="MSGID">msg.err.validator.ssn</Col>
          <Col id="MSGTEXT">{0} 은(는) 올바른 주민번호가 아닙니다.</Col>
          <Col id="MSGTYPE">A</Col>
        </Row>
        <Row>
          <Col id="MSGID">msg.err.validator.email</Col>
          <Col id="MSGTEXT">e-mail이 잘못된 형태로 입력 되었습니다.</Col>
          <Col id="MSGTYPE">A</Col>
        </Row>
        <Row>
          <Col id="MSGID">msg.err.validator.url</Col>
          <Col id="MSGTEXT">웹사이트 주소가 잘못 입력 되었습니다.</Col>
          <Col id="MSGTYPE">A</Col>
        </Row>
        <Row>
          <Col id="MSGID">msg.err.validator.phone</Col>
          <Col id="MSGTEXT">전화번호가 잘못된 형태로 입력 되었습니다.</Col>
          <Col id="MSGTYPE">A</Col>
        </Row>
        <Row>
          <Col id="MSGID">msg.err.validator.zipcode</Col>
          <Col id="MSGTEXT">우편번호가 잘못된 형태로 입력 되었습니다.</Col>
          <Col id="MSGTYPE">A</Col>
        </Row>
        <Row>
          <Col id="MSGID">msg.err.validator.multicombo.maxcnt</Col>
          <Col id="MSGTEXT">{0}개 까지만 선택 가능합니다.</Col>
          <Col id="MSGTYPE">A</Col>
        </Row>
        <Row>
          <Col id="MSGID">msg.err.maxdate</Col>
          <Col id="MSGTEXT">날짜의 입력 가능 범위를 벗어났습니다.</Col>
          <Col id="MSGTYPE">A</Col>
        </Row>
        <Row>
          <Col id="MSGID">msg.err.validator.date.great</Col>
          <Col id="MSGTEXT">종료일이 시작일보다 빠릅니다.</Col>
          <Col id="MSGTYPE">A</Col>
        </Row>
        <Row>
          <Col id="MSGID">msg.err.filesize</Col>
          <Col id="MSGTEXT">첨부 파일의 용량은 최고 5MB까지 입니다.</Col>
          <Col id="MSGTYPE">A</Col>
        </Row>
        <Row>
          <Col id="MSGID">msg.err.nofilepath</Col>
          <Col id="MSGTEXT">경로가 지정되지 않은 첨부파일은 업/다운로드 할 수 없습니다.</Col>
          <Col id="MSGTYPE">A</Col>
        </Row>
        <Row>
          <Col id="MSGID">msg.exist.code</Col>
          <Col id="MSGTEXT">입력하는 Code ({0})값이 이미 등록되어 있습니다.</Col>
          <Col id="MSGTYPE">A</Col>
        </Row>
        <Row>
          <Col id="MSGID">msg.invalid.filename</Col>
          <Col id="MSGTEXT">파일 이름이 정의되지 않았습니다.</Col>
          <Col id="MSGTYPE">A</Col>
        </Row>
        <Row>
          <Col id="MSGID">msg.notice.itemcount</Col>
          <Col id="MSGTEXT">첨부 파일은 {0}개 이상 등록 할 수 없습니다.</Col>
          <Col id="MSGTYPE">A</Col>
        </Row>
        <Row>
          <Col id="MSGID">msg.err.uploadfail</Col>
          <Col id="MSGTEXT">{0}로(으로) 파일업로드 실패 입니다.</Col>
          <Col id="MSGTYPE">A</Col>
        </Row>
        <Row>
          <Col id="MSGID">confirm.reset.password</Col>
          <Col id="MSGTEXT">{0}회원의 패스워드를 리셋하시겠습니까?</Col>
          <Col id="MSGTYPE">C</Col>
        </Row>
        <Row>
          <Col id="MSGTEXT">회원정보를 수정하시겠습니까?</Col>
          <Col id="MSGID">confirm.before.save.member</Col>
          <Col id="MSGTYPE">C</Col>
        </Row>
        <Row>
          <Col id="MSGID">msg.member.update</Col>
          <Col id="MSGTEXT">회원님의 정보 수정이 완료되었습니다.</Col>
          <Col id="MSGTYPE">A</Col>
        </Row>
        <Row>
          <Col id="MSGID">msg.failure.upload</Col>
          <Col id="MSGTEXT">오류로 인해 수정되지 않았습니다.</Col>
          <Col id="MSGTYPE">A</Col>
        </Row>
        <Row>
          <Col id="MSGID">msg.prompt.save</Col>
          <Col id="MSGTEXT">저장하시겠습니까?</Col>
          <Col id="MSGTYPE">C</Col>
        </Row>
        <Row>
          <Col id="MSGID">msg.success.save</Col>
          <Col id="MSGTEXT">성공적으로 저장되었습니다.</Col>
          <Col id="MSGTYPE">A</Col>
        </Row>
        <Row>
          <Col id="MSGID">msg.failure.save</Col>
          <Col id="MSGTEXT">오류로 인해 수정되지 않았습니다.</Col>
          <Col id="MSGTYPE">A</Col>
        </Row>
        <Row>
          <Col id="MSGID">msg.prompt.process</Col>
          <Col id="MSGTEXT">처리하시겠습니까?</Col>
          <Col id="MSGTYPE">C</Col>
        </Row>
        <Row>
          <Col id="MSGID">msg.success.process</Col>
          <Col id="MSGTEXT">성공적으로 처리되었습니다.</Col>
          <Col id="MSGTYPE">A</Col>
        </Row>
        <Row>
          <Col id="MSGID">msg.failure.process</Col>
          <Col id="MSGTEXT">오류로 인해 처리되지 않았습니다.</Col>
          <Col id="MSGTYPE">A</Col>
        </Row>
        <Row>
          <Col id="MSGID">msg.success.register</Col>
          <Col id="MSGTEXT">성공적으로 등록되었습니다.</Col>
          <Col id="MSGTYPE">A</Col>
        </Row>
        <Row>
          <Col id="MSGID">msg.prompt.apply</Col>
          <Col id="MSGTEXT">적용하시겠습니까?</Col>
          <Col id="MSGTYPE">C</Col>
        </Row>
        <Row>
          <Col id="MSGID">msg.prompt.send</Col>
          <Col id="MSGTEXT">발송하시겠습니까?</Col>
          <Col id="MSGTYPE">C</Col>
        </Row>
        <Row>
          <Col id="MSGID">msg.home.reload</Col>
          <Col id="MSGTYPE">C</Col>
          <Col id="MSGTEXT">새로고침을 진행하면 작업중이던 데이터가 사라집니다. \n계속 진행 하시겠습니까?</Col>
        </Row>
        <Row>
          <Col id="MSGID">msg.success.givepoint</Col>
          <Col id="MSGTEXT">성공적으로 포인트가 부여되었습니다.</Col>
          <Col id="MSGTYPE">A</Col>
        </Row>
        <Row>
          <Col id="MSGID">msg.success.cancle</Col>
          <Col id="MSGTEXT">성공적으로 포인트 취소되었습니다.</Col>
          <Col id="MSGTYPE">A</Col>
        </Row>
        <Row>
          <Col id="MSGID">msg.munro.rsvt.arrconfirm</Col>
          <Col id="MSGTYPE">C</Col>
          <Col id="MSGTEXT">고객에게 상품수령안내 알림톡이 발송됩니다.\n도착여부를 저장하시겠습니까?</Col>
        </Row>
      </Rows>
    </Dataset>
  </Datasets>
  <Variables/>
  <DataObjects/>
</AppVariables>
