﻿{
    "version" : "21.0.0.1",
    "runtime" :
    {
        "target" :
        {
            "os" : "windows"
        },
        "framework" :
        [    
        "./nexacrolib/framework/Framework.js"
        ],
        "component" :
        [    
        "./nexacrolib/component/CompBase.js",
        "./nexacrolib/component/ComComp.js",
        "./nexacrolib/component/Grid.js",
        "./nexacrolib/component/ListView.js",
        "./nexacrolib/component/DeviceAPI.js",
        "./nexacrolib/component/Chart/GraphicsChart.js",
        "./nexacrolib/component/Chart/ChartBase.js",
        "./nexacrolib/component/Chart/BasicChart.js",
        "./nexacrolib/component/Chart/BubbleChart.js",
        "./nexacrolib/component/Chart/PieChart.js",
        "./nexacrolib/component/Chart/GaugeChart.js",
        "./nexacrolib/component/Chart/RadarChart.js",
        "./nexacrolib/component/Chart/RoseChart.js",
        "./nexacrolib/component/Chart/FloatChart.js",
        "./nexacrolib/component/Chart/PyramidChart.js",
        "./nexacrolib/component/Graphics.js"
        ],
        "environment" :
        [    
        {
        "file":"./environment.xml.js"
        }
        ],
        "screen" :
        [    
        {"id":"Desktop_screen","type":"desktop","themeid":"theme::blue"}
        ],
        "xadl" :
        [
        {
        	"screenid":"Desktop_screen",
        	"launch":"./Application_Desktop.xadl.js",
        	"quickview":"./Application_Desktop.xadl.quickview.js",
        	"form":[
        				"./FrameBase/Form_Top.xfdl.js",
        		"./FrameBase/Form_Left.xfdl.js",
        		"./FrameBase/Form_auditOrder.xfdl.js"
        	]
        }
        ],  
        "protocol" :
        {
            "adaptors" :
            []
        },
        "resource" :
        {

        },
		"deploy" :
        {

        },
        "userfont" :
        [

        ]
    }
}
