﻿<?xml version="1.0" encoding="utf-8"?>
<TypeDefinition version="3.0">
  <Modules>
    <Module url="CompBase.json"/>
    <Module url="ComComp.json"/>
    <Module url="Grid.json"/>
    <Module url="ListView.json"/>
    <Module url="DeviceAPI.json"/>
    <Module url="extlib::Chart.json"/>
    <Module url="Graphics.json"/>
    <Module url="extlib::panLibrary.json"/>
  </Modules>
  <Components>
    <Component type="JavaScript" id="Button" classname="nexacro.Button"/>
    <Component type="JavaScript" id="Combo" classname="nexacro.Combo"/>
    <Component type="JavaScript" id="Edit" classname="nexacro.Edit"/>
    <Component type="JavaScript" id="MaskEdit" classname="nexacro.MaskEdit"/>
    <Component type="JavaScript" id="TextArea" classname="nexacro.TextArea"/>
    <Component type="JavaScript" id="Static" classname="nexacro.Static"/>
    <Component type="JavaScript" id="Div" classname="nexacro.Div"/>
    <Component type="JavaScript" id="PopupDiv" classname="nexacro.PopupDiv"/>
    <Component type="JavaScript" id="Radio" classname="nexacro.Radio"/>
    <Component type="JavaScript" id="CheckBox" classname="nexacro.CheckBox"/>
    <Component type="JavaScript" id="ListBox" classname="nexacro.ListBox"/>
    <Component type="JavaScript" id="Grid" classname="nexacro.Grid"/>
    <Component type="JavaScript" id="Spin" classname="nexacro.Spin"/>
    <Component type="JavaScript" id="Menu" classname="nexacro.Menu"/>
    <Component type="JavaScript" id="PopupMenu" classname="nexacro.PopupMenu"/>
    <Component type="JavaScript" id="Tab" classname="nexacro.Tab"/>
    <Component type="JavaScript" id="GroupBox" classname="nexacro.GroupBox"/>
    <Component type="JavaScript" id="Calendar" classname="nexacro.Calendar"/>
    <Component type="JavaScript" id="ImageViewer" classname="nexacro.ImageViewer"/>
    <Component type="JavaScript" id="ProgressBar" classname="nexacro.ProgressBar"/>
    <Component type="JavaScript" id="Plugin" classname="nexacro.Plugin"/>
    <Component type="JavaScript" id="Dataset" classname="nexacro.NormalDataset"/>
    <Component type="JavaScript" id="ListView" classname="nexacro.ListView"/>
    <Component type="JavaScript" id="DataObject" classname="nexacro.DataObject"/>
    <Component type="JavaScript" id="BasicChart" classname="nexacro.BasicChart" iconindex="408" iconextra="true" prefixid=""/>
    <Component type="JavaScript" id="PyramidChart" classname="nexacro.PyramidChart" iconindex="415" iconextra="true" prefixid=""/>
    <Component type="JavaScript" id="FloatChart" classname="nexacro.FloatChart" iconindex="414" iconextra="true" prefixid=""/>
    <Component type="JavaScript" id="RoseChart" classname="nexacro.RoseChart" iconindex="413" iconextra="true" prefixid=""/>
    <Component type="JavaScript" id="RadarChart" classname="nexacro.RadarChart" iconindex="412" iconextra="true" prefixid=""/>
    <Component type="JavaScript" id="GaugeChart" classname="nexacro.GaugeChart" iconindex="411" iconextra="true" prefixid=""/>
    <Component type="JavaScript" id="PieChart" classname="nexacro.PieChart" iconindex="410" iconextra="true" prefixid=""/>
    <Component type="JavaScript" id="BubbleChart" classname="nexacro.BubbleChart" iconindex="409" iconextra="true"/>
    <Component type="JavaScript" id="FileDownload" classname="nexacro.FileDownload"/>
    <Component type="JavaScript" id="FileUpload" classname="nexacro.FileUpload"/>
    <Component type="JavaScript" id="WebBrowser" classname="nexacro.WebBrowser"/>
    <Component type="JavaScript" id="Graphics" classname="nexacro.Graphics"/>
  </Components>
  <Services>
    <Service prefixid="theme" type="resource" url="./_resource_/_theme_/" version="0" cachelevel="session" include_subdir="true"/>
    <Service prefixid="initvalue" type="resource" url="./_resource_/_initvalue_/" version="0" cachelevel="session" include_subdir="false"/>
    <Service prefixid="xcssrc" type="resource" url="./_resource_/_xcss_/" version="0" cachelevel="session" include_subdir="false"/>
    <Service prefixid="imagerc" type="resource" url="./_resource_/_images_/" version="0" cachelevel="session" include_subdir="true"/>
    <Service prefixid="font" type="resource" url="./_resource_/_font_/" version="0" cachelevel="session" include_subdir="false"/>
    <Service prefixid="lib" type="js" url="./lib/" version="0" cachelevel="session" include_subdir="false" communicationversion="0"/>
    <Service prefixid="Base" type="form" url="./Base/" version="0" cachelevel="session" include_subdir="false" communicationversion="0"/>
    <Service prefixid="FrameBase" type="form" url="./FrameBase/" version="0" cachelevel="session" include_subdir="false" communicationversion="0"/>
    <Service prefixid="sample" type="form" url="./sample/" cachelevel="session" version="0" communicationversion="0" include_subdir="false"/>
    <Service prefixid="Service" type="JSP" version="0" cachelevel="none" include_subdir="false" communicationversion="0" url="http://localhost:8080"/>
    <Service prefixid="panLibrary" type="file" url="./_extlib_/panLibrary/" version="0" cachelevel="session" include_subdir="false" communicationversion="0"/>
  </Services>
  <Protocols/>
  <DeviceAdaptors/>
  <Update/>
</TypeDefinition>
