<dataConfig>
  <dataSource type="JdbcDataSource"
            driver="com.mysql.jdbc.Driver"
            url="jdbc:mysql://localhost:3306/test"
            user="panzer"
            password="panzer" /> 
  <document>
    <entity name="memo" 
		pk="seq"
		query="SELECT seq, message, crtdate FROM memo"
		deltaImportQuery="SELECT seq, message, crtdate FROM memo WHERE seq = '${dih.delta.seq}'"
		deltaQuery="SELECT seq FROM memo WHERE crtdate > '${dih.last_index_time}'"		
	>
		<field column="seq" name="id" />
		<field column="message" name="message" />
		<field column="crtdate" name="crtdate" />
	</entity>
  </document>
</dataConfig>

